name,fmmlid
CCTV1,CCTV1
CCTV1综合,CCTV1
CCTV2,CCTV2
CCTV2财经,CCTV2
CCTV3,CCTV3
CCTV3综艺,CCTV3
CCTV4,CCTV4
CCTV4中文国际,CCTV4
CCTV5,CCTV5
CCTV5体育,CCTV5
CCTV5+,CCTV5+
CCTV5+体育赛事,CCTV5+
CCTV6,CCTV6
CCTV6电影,CCTV6
CCTV7,CCTV7
CCTV7国防军事,CCTV7
CCTV8,CCTV8
CCTV8电视剧,CCTV8
CCTV9,CCTV9
CCTV9纪录,CCTV9
CCTV10,CCTV10
CCTV10科教,CCTV10
CCTV11,CCTV11
CCTV11戏曲,CCTV11
CCTV12,CCTV12
CCTV12社会与法,CCTV12
CCTV13,CCTV13
CCTV13新闻,CCTV13
CCTV14,CCTV14
CCTV14少儿,CCTV14
CCTV15,CCTV15
CCTV15音乐,CCTV15
CCTV16,CCTV16
CCTV17,CCTV17
CCTV17农业农村,CCTV17
CCTV4K,CCTV4K
CCTV-4K,CCTV4K
北京卫视,北京卫视
东方卫视,东方卫视
江苏卫视,江苏卫视
浙江卫视,浙江卫视
湖南卫视,湖南卫视
湖北卫视,湖北卫视
广东卫视,广东卫视
广西卫视,广西卫视
黑龙江卫视,黑龙江卫视
海南卫视,海南卫视
重庆卫视,重庆卫视
深圳卫视,深圳卫视
四川卫视,四川卫视
河南卫视,河南卫视
东南卫视,东南卫视
贵州卫视,贵州卫视
江西卫视,江西卫视
辽宁卫视,辽宁卫视
安徽卫视,安徽卫视
河北卫视,河北卫视
山东卫视,山东卫视
天津卫视,天津卫视
吉林卫视,吉林卫视
陕西卫视,陕西卫视
甘肃卫视,甘肃卫视
宁夏卫视,宁夏卫视
内蒙古卫视,内蒙古卫视
云南卫视,云南卫视
山西卫视,山西卫视
青海卫视,青海卫视
西藏卫视,西藏卫视
新疆卫视,新疆卫视
三沙卫视,三沙卫视
兵团卫视,兵团卫视
厦门卫视,厦门卫视
延边卫视,延边卫视
康巴卫视,康巴卫视
山东教育,山东教育卫视
北京卡酷少儿,卡酷少儿
卡酷少儿,卡酷少儿
湖南金鹰卡通,金鹰卡通
金鹰卡通,金鹰卡通
金鹰纪实,金鹰纪实
快乐垂钓,快乐垂钓
四海钓鱼,四海钓鱼
梨园,梨园
书画,书画频道
乐游,乐游
欢笑剧场,欢笑剧场
都市剧场,都市剧场
游戏风云,游戏风云
金色学堂,金色学堂
法治天地,法治天地
动漫秀场,动漫秀场
东方财经,东方财经
中国交通,中国交通
CHC动作电影,CHC动作电影
CHC家庭影院,CHC家庭影院
CHC影迷电影,CHC影迷电影
